"","median","mean","lower","upper"
"pop",283246501.759922,283246501.759922,283246501.759922,283246501.759922
"ru",287007075.255733,287051257.099597,280441788.552007,293578136.987984
"wu",365627316.733027,365697913.981241,357366590.193443,374421368.694977
"ww",286114506.366508,286113499.023328,285826808.391514,286398643.260758
"cw",283260491.98616,283258894.605688,282950783.981918,283558665.869254
